Codon	AminoAcid	Symbol
AAA	Lys	K
AAC	Asn	N
AAG	Lys	K
AAT	Asn	N
ACA	Thr	T
ACC	Thr	T
ACG	Thr	T
ACT	Thr	T
AGA	Arg	R
AGC	Ser	S
AGG	Arg	R
AGT	Ser	S
ATA	Ile	I
ATC	Ile	I
ATG	Met	M
ATT	Ile	I
CAA	Gln	Q
CAC	His	H
CAG	Gln	Q
CAT	His	H
CCA	Pro	P
CCC	Pro	P
CCG	Pro	P
CCT	Pro	P
CGA	Arg	R
CGC	Arg	R
CGG	Arg	R
CGT	Arg	R
CTA	Leu	L
CTC	Leu	L
CTG	Leu	L
CTT	Leu	L
GAA	Glu	E
GAC	Asp	D
GAG	Glu	E
GAT	Asp	D
GCA	Ala	A
GCC	Ala	A
GCG	Ala	A
GCT	Ala	A
GGA	Gly	G
GGC	Gly	G
GGG	Gly	G
GGT	Gly	G
GTA	Val	V
GTC	Val	V
GTG	Val	V
GTT	Val	V
TAA	Stp	O
TAC	Tyr	Y
TAG	Stp	O
TAT	Tyr	Y
TCA	Ser	S
TCC	Ser	S
TCG	Ser	S
TCT	Ser	S
TGA	Stp	O
TGC	Cys	C
TGG	Trp	W
TGT	Cys	C
TTA	Leu	L
TTC	Phe	F
TTG	Leu	L
TTT	Phe	F
